,J1809,JM1809,RB1810,RB1901,volatility
J1809,1.0,0.731872169956,0.691471748533,0.615563874261,0.253770971931
JM1809,0.731872169956,1.0,0.686905278528,0.613839990318,0.257128232559
RB1810,0.691471748533,0.686905278528,1.0,0.818405219338,0.180779538684
RB1901,0.615563874261,0.613839990318,0.818405219338,1.0,0.195151325331
